<?xml version="1.0" encoding="UTF-8"?>

<beans xmlns="http://www.springframework.org/schema/beans"
	xmlns:mvc="http://www.springframework.org/schema/mvc" 
	xmlns:xsi="http://www.w3.org/2001/XMLSchema-instance"
	xsi:schemaLocation="http://www.springframework.org/schema/beans
		http://www.springframework.org/schema/beans/spring-beans.xsd
		http://www.springframework.org/schema/mvc
		http://www.springframework.org/schema/mvc/spring-mvc.xsd">

	<mvc:view-controller path="/main" view-name="main" />

	<bean class="controller.RegisterController">
		<property name="memberRegisterService" ref="memberRegSvc" />
	</bean>

	<bean class="survey.SurveyController">
	</bean>

	<bean class="controller.LoginController">
		<property name="authService" ref="authService" />
	</bean>

	<bean class="controller.LogoutController" />

	<bean class="controller.ChangePwdController">
		<property name="changePasswordService" ref="changePwdSvc" />
	</bean>

	<mvc:interceptors>
		<mvc:interceptor>
			<mvc:mapping path="/edit/**" />
			<bean class="interceptor.AuthCheckInterceptor" />
		</mvc:interceptor>
	</mvc:interceptors>

	<bean class="controller.MemberListController">
		<property name="memberDao" ref="memberDao" />
	</bean>
	
	<bean class="controller.MemberDetailController">
		<property name="memberDao" ref="memberDao" />
	</bean>
</beans>