<?xml version="1.0" encoding="UTF-8"?>

<beans xmlns="http://www.springframework.org/schema/beans"
	xmlns:context="http://www.springframework.org/schema/context"
	xmlns:xsi="http://www.w3.org/2001/XMLSchema-instance"
	xsi:schemaLocation="http://www.springframework.org/schema/beans
		http://www.springframework.org/schema/beans/spring-beans.xsd
		http://www.springframework.org/schema/context
		http://www.springframework.org/schema/context/spring-context.xsd">

	<context:annotation-config />
	
	<bean id="memberDao" class="spring.MemberDao">
	</bean>

	<bean id="memberRegSvc" class="spring.MemberRegisterService">
	</bean>
	
	<bean id="memberPrinter" class="spring.MemberPrinter">
	</bean>
	
	<bean id="infoPrinter" class="spring.MemberInfoPrinter">
	</bean>
 
 </beans>