<?xml version="1.0" encoding="UTF-8"?>

<!DOCTYPE log4j:configuration SYSTEM "log4j.dtd">

<log4j:configuration xmlns:log4j="http://jakarta.apache.org/log4j/">
	<appender name="console" class="org.apache.log4j.ConsoleAppender">
		<layout class="org.apache.log4j.PatternLayout">
			<param name="ConversionPattern" 
				value="[%t] [%d{yyyy-MM-dd HH:mm:ss}] %-5p %c:%M - %m%n" />
		</layout>
	</appender>

	<root>
		<priority value="INFO" />
		<appender-ref ref="console" />
	</root>

	<logger name="org.springframework.web.servlet">
		<level value="DEBUG" />
	</logger>
</log4j:configuration>