<?xml version="1.0" encoding="UTF-8"?>

<beans xmlns="http://www.springframework.org/schema/beans"
	xmlns:mvc="http://www.springframework.org/schema/mvc" 
	xmlns:xsi="http://www.w3.org/2001/XMLSchema-instance"
	xsi:schemaLocation="http://www.springframework.org/schema/beans
		http://www.springframework.org/schema/beans/spring-beans.xsd
		http://www.springframework.org/schema/mvc
		http://www.springframework.org/schema/mvc/spring-mvc.xsd">

	<mvc:annotation-driven />

	<mvc:default-servlet-handler />

	<mvc:view-resolvers>
		<mvc:jsp prefix="/WEB-INF/view/" />
	</mvc:view-resolvers>

	<bean id="messageSource"
		class="org.springframework.context.support.ResourceBundleMessageSource">
		<property name="basenames">
			<list>
				<value>message.label</value>
			</list>
		</property>
		<property name="defaultEncoding" value="UTF-8" />
	</bean>

</beans>